{
    "66": {
        "08:30-09:45": [
            {
                "course_code": "ENG-101",
                "course_title": "Compiler Design",
                "teacher": "Subhenur Laf (SL)",
                "room": "KT-219",
                "batch_section": "66_A"
            }
        ],
        "09:45-11:00": [
            {
                "course_code": "CSE413",
                "course_title": "Big Data and IoT Lab",
                "teacher": "Fizar Ahmed (FZA)",
                "room": "KT-801(B)",
                "batch_section": "66_C"
            }
        ]
    },
    "Sunday": {
        "08:30-09:45": [
            {
                "course_code": "CSE331",
                "course_title": "Compiler Design",
                "teacher": "Subhenur Laf (SL)",
                "room": "KT-219",
                "batch_section": "66_C"
            }
        ],
        "09:45-11:00": [
            {
                "course_code": "CSE413",
                "course_title": "Big Data and IoT Lab",
                "teacher": "Fizar Ahmed (FZA)",
                "room": "KT-801(B)",
                "batch_section": "66_C"
            }
        ]
    }
}